--------------------------------------------------------
--  File created - Tuesday-April-29-2025
--------------------------------------------------------
--------------------------------------------------------
--  DDL for Table COMENTARIOS
--------------------------------------------------------

  CREATE TABLE "ADMIN"."COMENTARIOS"
   (	"ID" NUMBER, 
	"TAREA_ID" NUMBER, 
	"USUARIO_ID" NUMBER, 
	"COMENTARIO" CLOB, 
	"FECHA" TIMESTAMP (6)
   ) SEGMENT CREATION IMMEDIATE 
  PCTFREE 10 PCTUSED 40 INITRANS 10 MAXTRANS 255 
 NOCOMPRESS LOGGING
  STORAGE(INITIAL 65536 NEXT 1048576 MINEXTENTS 1 MAXEXTENTS 2147483645
  PCTINCREASE 0 FREELISTS 1 FREELIST GROUPS 1
  BUFFER_POOL DEFAULT FLASH_CACHE DEFAULT CELL_FLASH_CACHE DEFAULT)
 LOB ("COMENTARIO") STORE AS SECUREFILE (
  ENABLE STORAGE IN ROW CHUNK 8192
  NOCACHE LOGGING  NOCOMPRESS  KEEP_DUPLICATES 
  STORAGE(INITIAL 106496 NEXT 1048576 MINEXTENTS 1 MAXEXTENTS 2147483645
  PCTINCREASE 0
  BUFFER_POOL DEFAULT FLASH_CACHE DEFAULT CELL_FLASH_CACHE DEFAULT)) ;
--------------------------------------------------------
--  DDL for Table EQUIPOS
--------------------------------------------------------

  CREATE TABLE "ADMIN"."EQUIPOS" 
   (	"ID" NUMBER, 
	"NOMBRE" VARCHAR2(255 BYTE), 
	"MANAGER_ID" NUMBER
   ) SEGMENT CREATION IMMEDIATE 
  PCTFREE 10 PCTUSED 40 INITRANS 10 MAXTRANS 255 
 NOCOMPRESS LOGGING
  STORAGE(INITIAL 65536 NEXT 1048576 MINEXTENTS 1 MAXEXTENTS 2147483645
  PCTINCREASE 0 FREELISTS 1 FREELIST GROUPS 1
  BUFFER_POOL DEFAULT FLASH_CACHE DEFAULT CELL_FLASH_CACHE DEFAULT);
--------------------------------------------------------
--  DDL for Table ESTADOS
--------------------------------------------------------

  CREATE TABLE "ADMIN"."ESTADOS" 
   (	"ID" NUMBER, 
	"NOMBRE" VARCHAR2(255 BYTE)
   ) SEGMENT CREATION IMMEDIATE 
  PCTFREE 10 PCTUSED 40 INITRANS 10 MAXTRANS 255 
 NOCOMPRESS LOGGING
  STORAGE(INITIAL 65536 NEXT 1048576 MINEXTENTS 1 MAXEXTENTS 2147483645
  PCTINCREASE 0 FREELISTS 1 FREELIST GROUPS 1
  BUFFER_POOL DEFAULT FLASH_CACHE DEFAULT CELL_FLASH_CACHE DEFAULT);
--------------------------------------------------------
--  DDL for Table NOTIFICACIONES
--------------------------------------------------------

  CREATE TABLE "ADMIN"."NOTIFICACIONES" 
   (	"ID" NUMBER, 
	"TAREA_ID" NUMBER, 
	"USUARIO_ID" NUMBER, 
	"DESCRIPCION" VARCHAR2(255 BYTE), 
	"FECHA_ENVIO" TIMESTAMP (6), 
	"LEIDO" CHAR(1 BYTE)
   ) SEGMENT CREATION IMMEDIATE 
  PCTFREE 10 PCTUSED 40 INITRANS 10 MAXTRANS 255 
 NOCOMPRESS LOGGING
  STORAGE(INITIAL 65536 NEXT 1048576 MINEXTENTS 1 MAXEXTENTS 2147483645
  PCTINCREASE 0 FREELISTS 1 FREELIST GROUPS 1
  BUFFER_POOL DEFAULT FLASH_CACHE DEFAULT CELL_FLASH_CACHE DEFAULT);
--------------------------------------------------------
--  DDL for Table PRIORIDADES
--------------------------------------------------------

  CREATE TABLE "ADMIN"."PRIORIDADES" 
   (	"ID" NUMBER, 
	"NOMBRE" VARCHAR2(255 BYTE), 
	"DESCRIPCION" CLOB, 
	"FECHA_CREACION" TIMESTAMP (6)
   ) SEGMENT CREATION IMMEDIATE 
  PCTFREE 10 PCTUSED 40 INITRANS 10 MAXTRANS 255 
 NOCOMPRESS LOGGING
  STORAGE(INITIAL 65536 NEXT 1048576 MINEXTENTS 1 MAXEXTENTS 2147483645
  PCTINCREASE 0 FREELISTS 1 FREELIST GROUPS 1
  BUFFER_POOL DEFAULT FLASH_CACHE DEFAULT CELL_FLASH_CACHE DEFAULT)
 LOB ("DESCRIPCION") STORE AS SECUREFILE (
  ENABLE STORAGE IN ROW CHUNK 8192
  NOCACHE LOGGING  NOCOMPRESS  KEEP_DUPLICATES 
  STORAGE(INITIAL 106496 NEXT 1048576 MINEXTENTS 1 MAXEXTENTS 2147483645
  PCTINCREASE 0
  BUFFER_POOL DEFAULT FLASH_CACHE DEFAULT CELL_FLASH_CACHE DEFAULT)) ;
--------------------------------------------------------
--  DDL for Table RESPALDO_TIPO_TAREAS
--------------------------------------------------------

  CREATE TABLE "ADMIN"."RESPALDO_TIPO_TAREAS" 
   (	"ID" NUMBER, 
	"TIPO" VARCHAR2(50 BYTE)
   ) SEGMENT CREATION IMMEDIATE 
  PCTFREE 10 PCTUSED 40 INITRANS 10 MAXTRANS 255 
 NOCOMPRESS LOGGING
  STORAGE(INITIAL 65536 NEXT 1048576 MINEXTENTS 1 MAXEXTENTS 2147483645
  PCTINCREASE 0 FREELISTS 1 FREELIST GROUPS 1
  BUFFER_POOL DEFAULT FLASH_CACHE DEFAULT CELL_FLASH_CACHE DEFAULT);
--------------------------------------------------------
--  DDL for Table SPRINTS
--------------------------------------------------------

  CREATE TABLE "ADMIN"."SPRINTS" 
   (	"ID" NUMBER, 
	"NOMBRE" VARCHAR2(255 BYTE), 
	"FECHA_INICIO" DATE, 
	"FECHA_FIN" DATE, 
	"ESTADO" VARCHAR2(50 BYTE)
   ) SEGMENT CREATION IMMEDIATE 
  PCTFREE 10 PCTUSED 40 INITRANS 10 MAXTRANS 255 
 NOCOMPRESS LOGGING
  STORAGE(INITIAL 65536 NEXT 1048576 MINEXTENTS 1 MAXEXTENTS 2147483645
  PCTINCREASE 0 FREELISTS 1 FREELIST GROUPS 1
  BUFFER_POOL DEFAULT FLASH_CACHE DEFAULT CELL_FLASH_CACHE DEFAULT);
--------------------------------------------------------
--  DDL for Table TAREAS
--------------------------------------------------------

  CREATE TABLE "ADMIN"."TAREAS" 
   (	"ID" NUMBER, 
	"TITULO" VARCHAR2(255 BYTE), 
	"DESCRIPCION" CLOB, 
	"ESTADO_ID" NUMBER, 
	"PRIORIDAD_ID" NUMBER, 
	"ASIGNADO_A" NUMBER, 
	"PROYECTO_ID" NUMBER, 
	"SPRINT_ID" NUMBER, 
	"FECHA_CREACION" TIMESTAMP (6), 
	"FECHA_ACTUALIZACION" TIMESTAMP (6), 
	"TIEMPO_ESTIMADO" NUMBER, 
	"TIEMPO_REAL" NUMBER, 
	"TIPO" VARCHAR2(255 CHAR)
   ) SEGMENT CREATION IMMEDIATE 
  PCTFREE 10 PCTUSED 40 INITRANS 10 MAXTRANS 255 
 NOCOMPRESS LOGGING
  STORAGE(INITIAL 65536 NEXT 1048576 MINEXTENTS 1 MAXEXTENTS 2147483645
  PCTINCREASE 0 FREELISTS 1 FREELIST GROUPS 1
  BUFFER_POOL DEFAULT FLASH_CACHE DEFAULT CELL_FLASH_CACHE DEFAULT)
 LOB ("DESCRIPCION") STORE AS SECUREFILE (
  ENABLE STORAGE IN ROW CHUNK 8192
  NOCACHE LOGGING  NOCOMPRESS  KEEP_DUPLICATES 
  STORAGE(INITIAL 106496 NEXT 1048576 MINEXTENTS 1 MAXEXTENTS 2147483645
  PCTINCREASE 0
  BUFFER_POOL DEFAULT FLASH_CACHE DEFAULT CELL_FLASH_CACHE DEFAULT)) ;
--------------------------------------------------------
--  DDL for Table USUARIOS
--------------------------------------------------------

  CREATE TABLE "ADMIN"."USUARIOS" 
   (	"ID" NUMBER, 
	"NOMBRE" VARCHAR2(255 BYTE), 
	"EMAIL" VARCHAR2(255 BYTE), 
	"PASSWORD_HASH" VARCHAR2(255 BYTE), 
	"MFA_ENABLED" CHAR(1 BYTE), 
	"MFA_TOTP_SECRET" VARCHAR2(255 BYTE), 
	"ROL" VARCHAR2(50 BYTE), 
	"FECHA_REGISTRO" TIMESTAMP (6), 
	"EQUIPO_ID" NUMBER, 
	"TELEGRAM_ID" VARCHAR2(255 CHAR)
   ) SEGMENT CREATION IMMEDIATE 
  PCTFREE 10 PCTUSED 40 INITRANS 10 MAXTRANS 255 
 NOCOMPRESS LOGGING
  STORAGE(INITIAL 65536 NEXT 1048576 MINEXTENTS 1 MAXEXTENTS 2147483645
  PCTINCREASE 0 FREELISTS 1 FREELIST GROUPS 1
  BUFFER_POOL DEFAULT FLASH_CACHE DEFAULT CELL_FLASH_CACHE DEFAULT);
--------------------------------------------------------
--  Nota: aqui empieza la insercion de datos
--------------------------------------------------------
REM INSERTING into ADMIN.COMENTARIOS
SET DEFINE OFF;
Insert into ADMIN.COMENTARIOS (ID,TAREA_ID,USUARIO_ID,FECHA) values (1,4,4,to_timestamp('14-MAR-25 07.19.18.453889000 AM','DD-MON-RR HH.MI.SSXFF AM'));
REM INSERTING into ADMIN.EQUIPOS
SET DEFINE OFF;
Insert into ADMIN.EQUIPOS (ID,NOMBRE,MANAGER_ID) values (2,'Equipo de Infraestructura',1);
Insert into ADMIN.EQUIPOS (ID,NOMBRE,MANAGER_ID) values (1,'Equipo de Desarrollo',3);
REM INSERTING into ADMIN.ESTADOS
SET DEFINE OFF;
Insert into ADMIN.ESTADOS (ID,NOMBRE) values (1,'En Proceso');
Insert into ADMIN.ESTADOS (ID,NOMBRE) values (3,'Pendiente');
Insert into ADMIN.ESTADOS (ID,NOMBRE) values (4,'En Revisión');
Insert into ADMIN.ESTADOS (ID,NOMBRE) values (5,'Bloqueado');
Insert into ADMIN.ESTADOS (ID,NOMBRE) values (6,'Completado');
Insert into ADMIN.ESTADOS (ID,NOMBRE) values (7,'Cancelado');
REM INSERTING into ADMIN.NOTIFICACIONES
SET DEFINE OFF;
Insert into ADMIN.NOTIFICACIONES (ID,TAREA_ID,USUARIO_ID,DESCRIPCION,FECHA_ENVIO,LEIDO) values (1,4,4,'Nuevo comentario agregado: Se decidió cambiar el framework de desarrollo frontend de Vue.js a React.',to_timestamp('14-MAR-25 07.19.18.453889000 AM','DD-MON-RR HH.MI.SSXFF AM'),'Y');
REM INSERTING into ADMIN.PRIORIDADES
SET DEFINE OFF;
Insert into ADMIN.PRIORIDADES (ID,NOMBRE,FECHA_CREACION) values (3,'Crítica',to_timestamp('14-MAR-25 06.44.57.046078000 AM','DD-MON-RR HH.MI.SSXFF AM'));
Insert into ADMIN.PRIORIDADES (ID,NOMBRE,FECHA_CREACION) values (4,'Media',to_timestamp('14-MAR-25 06.44.57.046078000 AM','DD-MON-RR HH.MI.SSXFF AM'));
Insert into ADMIN.PRIORIDADES (ID,NOMBRE,FECHA_CREACION) values (5,'Baja',to_timestamp('14-MAR-25 06.44.57.046078000 AM','DD-MON-RR HH.MI.SSXFF AM'));
Insert into ADMIN.PRIORIDADES (ID,NOMBRE,FECHA_CREACION) values (6,'Trivial',to_timestamp('14-MAR-25 06.44.57.046078000 AM','DD-MON-RR HH.MI.SSXFF AM'));
Insert into ADMIN.PRIORIDADES (ID,NOMBRE,FECHA_CREACION) values (1,'Alta',to_timestamp('14-MAR-25 04.49.58.505282000 AM','DD-MON-RR HH.MI.SSXFF AM'));
REM INSERTING into ADMIN.RESPALDO_TIPO_TAREAS
SET DEFINE OFF;
Insert into ADMIN.RESPALDO_TIPO_TAREAS (ID,TIPO) values (5,'Arquitectura');
Insert into ADMIN.RESPALDO_TIPO_TAREAS (ID,TIPO) values (8,'Arquitectura');
Insert into ADMIN.RESPALDO_TIPO_TAREAS (ID,TIPO) values (9,'Costos');
Insert into ADMIN.RESPALDO_TIPO_TAREAS (ID,TIPO) values (21,null);
Insert into ADMIN.RESPALDO_TIPO_TAREAS (ID,TIPO) values (24,'Feature');
Insert into ADMIN.RESPALDO_TIPO_TAREAS (ID,TIPO) values (3,'Diseño');
Insert into ADMIN.RESPALDO_TIPO_TAREAS (ID,TIPO) values (4,'Arquitectura');
Insert into ADMIN.RESPALDO_TIPO_TAREAS (ID,TIPO) values (6,'Arquitectura');
Insert into ADMIN.RESPALDO_TIPO_TAREAS (ID,TIPO) values (22,'LOL');
Insert into ADMIN.RESPALDO_TIPO_TAREAS (ID,TIPO) values (23,null);
Insert into ADMIN.RESPALDO_TIPO_TAREAS (ID,TIPO) values (25,'Bug');
Insert into ADMIN.RESPALDO_TIPO_TAREAS (ID,TIPO) values (27,'Improvement');
Insert into ADMIN.RESPALDO_TIPO_TAREAS (ID,TIPO) values (2,'Desarrollo');
REM INSERTING into ADMIN.SPRINTS
SET DEFINE OFF;
Insert into ADMIN.SPRINTS (ID,NOMBRE,FECHA_INICIO,FECHA_FIN,ESTADO) values (1,'Sprint 1',to_date('14-FEB-25','DD-MON-RR'),to_date('14-APR-25','DD-MON-RR'),'Inactivo');
Insert into ADMIN.SPRINTS (ID,NOMBRE,FECHA_INICIO,FECHA_FIN,ESTADO) values (21,'Sprint 2',to_date('10-APR-25','DD-MON-RR'),to_date('24-APR-25','DD-MON-RR'),'Activo');
REM INSERTING into ADMIN.TAREAS
SET DEFINE OFF;
Insert into ADMIN.TAREAS (ID,TITULO,ESTADO_ID,PRIORIDAD_ID,ASIGNADO_A,PROYECTO_ID,SPRINT_ID,FECHA_CREACION,FECHA_ACTUALIZACION,TIEMPO_ESTIMADO,TIEMPO_REAL,TIPO) values (3,'Testing purposes...',1,1,3,1,1,to_timestamp('21-FEB-25 07.02.45.063469000 AM','DD-MON-RR HH.MI.SSXFF AM'),to_timestamp('03-APR-25 11.13.24.082153000 PM','DD-MON-RR HH.MI.SSXFF AM'),8,11,null);
Insert into ADMIN.TAREAS (ID,TITULO,ESTADO_ID,PRIORIDAD_ID,ASIGNADO_A,PROYECTO_ID,SPRINT_ID,FECHA_CREACION,FECHA_ACTUALIZACION,TIEMPO_ESTIMADO,TIEMPO_REAL,TIPO) values (4,'Stack Design',6,3,3,1,1,to_timestamp('21-FEB-25 07.04.46.092546000 AM','DD-MON-RR HH.MI.SSXFF AM'),to_timestamp('28-FEB-25 07.04.46.092546000 AM','DD-MON-RR HH.MI.SSXFF AM'),3,5,null);
Insert into ADMIN.TAREAS (ID,TITULO,ESTADO_ID,PRIORIDAD_ID,ASIGNADO_A,PROYECTO_ID,SPRINT_ID,FECHA_CREACION,FECHA_ACTUALIZACION,TIEMPO_ESTIMADO,TIEMPO_REAL,TIPO) values (6,'Backend Development',3,3,1,1,1,to_timestamp('07-MAR-25 07.09.32.795126000 AM','DD-MON-RR HH.MI.SSXFF AM'),to_timestamp('10-MAR-25 07.09.32.795126000 AM','DD-MON-RR HH.MI.SSXFF AM'),40,null,null);
Insert into ADMIN.TAREAS (ID,TITULO,ESTADO_ID,PRIORIDAD_ID,ASIGNADO_A,PROYECTO_ID,SPRINT_ID,FECHA_CREACION,FECHA_ACTUALIZACION,TIEMPO_ESTIMADO,TIEMPO_REAL,TIPO) values (22,'OWO',1,5,3,1,1,to_timestamp('03-APR-25 06.22.23.164376000 PM','DD-MON-RR HH.MI.SSXFF AM'),to_timestamp('25-APR-25 04.30.18.600701000 AM','DD-MON-RR HH.MI.SSXFF AM'),4,9,null);
Insert into ADMIN.TAREAS (ID,TITULO,ESTADO_ID,PRIORIDAD_ID,ASIGNADO_A,PROYECTO_ID,SPRINT_ID,FECHA_CREACION,FECHA_ACTUALIZACION,TIEMPO_ESTIMADO,TIEMPO_REAL,TIPO) values (23,'TEST',6,null,2,1,1,to_timestamp('03-APR-25 06.34.21.026012000 PM','DD-MON-RR HH.MI.SSXFF AM'),to_timestamp('03-APR-25 06.45.34.645281000 PM','DD-MON-RR HH.MI.SSXFF AM'),3,6,null);
Insert into ADMIN.TAREAS (ID,TITULO,ESTADO_ID,PRIORIDAD_ID,ASIGNADO_A,PROYECTO_ID,SPRINT_ID,FECHA_CREACION,FECHA_ACTUALIZACION,TIEMPO_ESTIMADO,TIEMPO_REAL,TIPO) values (45,'Desglose de costo del release',6,1,4,1,21,to_timestamp('25-APR-25 02.56.11.071370000 PM','DD-MON-RR HH.MI.SSXFF AM'),to_timestamp('25-APR-25 03.13.42.196772000 PM','DD-MON-RR HH.MI.SSXFF AM'),2,1,null);
Insert into ADMIN.TAREAS (ID,TITULO,ESTADO_ID,PRIORIDAD_ID,ASIGNADO_A,PROYECTO_ID,SPRINT_ID,FECHA_CREACION,FECHA_ACTUALIZACION,TIEMPO_ESTIMADO,TIEMPO_REAL,TIPO) values (2,'Design of frontend routes',6,1,2,1,1,to_timestamp('14-FEB-25 04.59.42.092324000 AM','DD-MON-RR HH.MI.SSXFF AM'),to_timestamp('03-APR-25 11.23.23.215528000 PM','DD-MON-RR HH.MI.SSXFF AM'),10,10,null);
Insert into ADMIN.TAREAS (ID,TITULO,ESTADO_ID,PRIORIDAD_ID,ASIGNADO_A,PROYECTO_ID,SPRINT_ID,FECHA_CREACION,FECHA_ACTUALIZACION,TIEMPO_ESTIMADO,TIEMPO_REAL,TIPO) values (44,'Desglose de costo de OCI',6,1,4,1,21,to_timestamp('25-APR-25 02.55.22.609991000 PM','DD-MON-RR HH.MI.SSXFF AM'),to_timestamp('25-APR-25 03.13.15.203954000 PM','DD-MON-RR HH.MI.SSXFF AM'),2,2,null);
Insert into ADMIN.TAREAS (ID,TITULO,ESTADO_ID,PRIORIDAD_ID,ASIGNADO_A,PROYECTO_ID,SPRINT_ID,FECHA_CREACION,FECHA_ACTUALIZACION,TIEMPO_ESTIMADO,TIEMPO_REAL,TIPO) values (25,'XD',3,1,null,1,null,to_timestamp('03-APR-25 11.10.17.911109000 PM','DD-MON-RR HH.MI.SSXFF AM'),to_timestamp('03-APR-25 11.10.17.911166000 PM','DD-MON-RR HH.MI.SSXFF AM'),1,null,null);
Insert into ADMIN.TAREAS (ID,TITULO,ESTADO_ID,PRIORIDAD_ID,ASIGNADO_A,PROYECTO_ID,SPRINT_ID,FECHA_CREACION,FECHA_ACTUALIZACION,TIEMPO_ESTIMADO,TIEMPO_REAL,TIPO) values (41,'Definir KPIs',6,1,2,1,1,to_timestamp('25-APR-25 01.15.28.917695000 AM','DD-MON-RR HH.MI.SSXFF AM'),to_timestamp('25-APR-25 01.18.53.390873000 AM','DD-MON-RR HH.MI.SSXFF AM'),3,3,null);
Insert into ADMIN.TAREAS (ID,TITULO,ESTADO_ID,PRIORIDAD_ID,ASIGNADO_A,PROYECTO_ID,SPRINT_ID,FECHA_CREACION,FECHA_ACTUALIZACION,TIEMPO_ESTIMADO,TIEMPO_REAL,TIPO) values (46,'Reportes de otros KPIs definidos por el equipo',6,1,2,1,21,to_timestamp('25-APR-25 02.57.18.801265000 PM','DD-MON-RR HH.MI.SSXFF AM'),to_timestamp('25-APR-25 03.14.32.465363000 PM','DD-MON-RR HH.MI.SSXFF AM'),4,4,null);
Insert into ADMIN.TAREAS (ID,TITULO,ESTADO_ID,PRIORIDAD_ID,ASIGNADO_A,PROYECTO_ID,SPRINT_ID,FECHA_CREACION,FECHA_ACTUALIZACION,TIEMPO_ESTIMADO,TIEMPO_REAL,TIPO) values (27,'Edit Test for Video',6,1,3,1,1,to_timestamp('03-APR-25 11.24.18.809439000 PM','DD-MON-RR HH.MI.SSXFF AM'),to_timestamp('03-APR-25 11.26.23.793621000 PM','DD-MON-RR HH.MI.SSXFF AM'),3,10,null);
Insert into ADMIN.TAREAS (ID,TITULO,ESTADO_ID,PRIORIDAD_ID,ASIGNADO_A,PROYECTO_ID,SPRINT_ID,FECHA_CREACION,FECHA_ACTUALIZACION,TIEMPO_ESTIMADO,TIEMPO_REAL,TIPO) values (5,'Initial Prototype for each microservice',6,4,2,1,1,to_timestamp('21-FEB-25 07.07.17.732205000 AM','DD-MON-RR HH.MI.SSXFF AM'),to_timestamp('03-APR-25 10.42.45.191616000 PM','DD-MON-RR HH.MI.SSXFF AM'),7,10,null);
Insert into ADMIN.TAREAS (ID,TITULO,ESTADO_ID,PRIORIDAD_ID,ASIGNADO_A,PROYECTO_ID,SPRINT_ID,FECHA_CREACION,FECHA_ACTUALIZACION,TIEMPO_ESTIMADO,TIEMPO_REAL,TIPO) values (8,'Requirements Elicitation',5,3,4,1,1,to_timestamp('21-FEB-25 07.13.05.526577000 AM','DD-MON-RR HH.MI.SSXFF AM'),to_timestamp('28-FEB-25 07.13.05.526577000 AM','DD-MON-RR HH.MI.SSXFF AM'),20,23,null);
Insert into ADMIN.TAREAS (ID,TITULO,ESTADO_ID,PRIORIDAD_ID,ASIGNADO_A,PROYECTO_ID,SPRINT_ID,FECHA_CREACION,FECHA_ACTUALIZACION,TIEMPO_ESTIMADO,TIEMPO_REAL,TIPO) values (9,'Resource Planning',3,1,4,1,1,to_timestamp('07-MAR-25 07.15.19.458807000 AM','DD-MON-RR HH.MI.SSXFF AM'),to_timestamp('25-APR-25 04.30.57.014315000 AM','DD-MON-RR HH.MI.SSXFF AM'),10,null,null);
Insert into ADMIN.TAREAS (ID,TITULO,ESTADO_ID,PRIORIDAD_ID,ASIGNADO_A,PROYECTO_ID,SPRINT_ID,FECHA_CREACION,FECHA_ACTUALIZACION,TIEMPO_ESTIMADO,TIEMPO_REAL,TIPO) values (21,'CREATE PUBLIC IP',3,null,null,null,null,to_timestamp('03-APR-25 06.12.37.671379000 PM','DD-MON-RR HH.MI.SSXFF AM'),to_timestamp('03-APR-25 06.12.37.671437000 PM','DD-MON-RR HH.MI.SSXFF AM'),3,null,null);
Insert into ADMIN.TAREAS (ID,TITULO,ESTADO_ID,PRIORIDAD_ID,ASIGNADO_A,PROYECTO_ID,SPRINT_ID,FECHA_CREACION,FECHA_ACTUALIZACION,TIEMPO_ESTIMADO,TIEMPO_REAL,TIPO) values (24,'Gigger Task',6,1,4,1,1,to_timestamp('03-APR-25 07.26.15.304842000 PM','DD-MON-RR HH.MI.SSXFF AM'),to_timestamp('03-APR-25 07.37.43.761472000 PM','DD-MON-RR HH.MI.SSXFF AM'),3,6,null);
Insert into ADMIN.TAREAS (ID,TITULO,ESTADO_ID,PRIORIDAD_ID,ASIGNADO_A,PROYECTO_ID,SPRINT_ID,FECHA_CREACION,FECHA_ACTUALIZACION,TIEMPO_ESTIMADO,TIEMPO_REAL,TIPO) values (42,'Reporte KPI Horas trabajadas y Tareas completadas Equipo',6,1,3,1,21,to_timestamp('25-APR-25 02.52.17.332786000 PM','DD-MON-RR HH.MI.SSXFF AM'),to_timestamp('25-APR-25 03.11.41.987125000 PM','DD-MON-RR HH.MI.SSXFF AM'),3,5,null);
Insert into ADMIN.TAREAS (ID,TITULO,ESTADO_ID,PRIORIDAD_ID,ASIGNADO_A,PROYECTO_ID,SPRINT_ID,FECHA_CREACION,FECHA_ACTUALIZACION,TIEMPO_ESTIMADO,TIEMPO_REAL,TIPO) values (43,'Reporte Mostrar KPI Horas trabajadas y Tareas completadas Persona',6,1,3,1,21,to_timestamp('25-APR-25 02.54.07.469028000 PM','DD-MON-RR HH.MI.SSXFF AM'),to_timestamp('25-APR-25 03.12.52.263618000 PM','DD-MON-RR HH.MI.SSXFF AM'),3,4,null);
Insert into ADMIN.TAREAS (ID,TITULO,ESTADO_ID,PRIORIDAD_ID,ASIGNADO_A,PROYECTO_ID,SPRINT_ID,FECHA_CREACION,FECHA_ACTUALIZACION,TIEMPO_ESTIMADO,TIEMPO_REAL,TIPO) values (47,'Mostrar gráfica propuesta por equipo',6,1,5,1,21,to_timestamp('25-APR-25 02.58.21.063978000 PM','DD-MON-RR HH.MI.SSXFF AM'),to_timestamp('25-APR-25 03.15.05.652381000 PM','DD-MON-RR HH.MI.SSXFF AM'),2,1,null);
Insert into ADMIN.TAREAS (ID,TITULO,ESTADO_ID,PRIORIDAD_ID,ASIGNADO_A,PROYECTO_ID,SPRINT_ID,FECHA_CREACION,FECHA_ACTUALIZACION,TIEMPO_ESTIMADO,TIEMPO_REAL,TIPO) values (48,'Crear escenario de Telegram a mostrar',6,1,1,1,21,to_timestamp('25-APR-25 02.59.12.110937000 PM','DD-MON-RR HH.MI.SSXFF AM'),to_timestamp('25-APR-25 03.15.38.623391000 PM','DD-MON-RR HH.MI.SSXFF AM'),2,2,null);
REM INSERTING into ADMIN.USUARIOS
SET DEFINE OFF;
Insert into ADMIN.USUARIOS (ID,NOMBRE,EMAIL,PASSWORD_HASH,MFA_ENABLED,MFA_TOTP_SECRET,ROL,FECHA_REGISTRO,EQUIPO_ID,TELEGRAM_ID) values (21,'Test User','test@example.com','$2a$10$dNjafiU3sTfulffYqBAU.OwY80WX/uuPNhT2GbPXqK8rMA/IWnBUq','N',null,'usuario',to_timestamp('24-APR-25 06.47.07.171582000 PM','DD-MON-RR HH.MI.SSXFF AM'),null,null);
Insert into ADMIN.USUARIOS (ID,NOMBRE,EMAIL,PASSWORD_HASH,MFA_ENABLED,MFA_TOTP_SECRET,ROL,FECHA_REGISTRO,EQUIPO_ID,TELEGRAM_ID) values (3,'Diego Espejo','A01638341@tec.mx','Espejin123*','N',null,'administrador',to_timestamp('14-FEB-25 06.34.09.954338000 AM','DD-MON-RR HH.MI.SSXFF AM'),null,null);
Insert into ADMIN.USUARIOS (ID,NOMBRE,EMAIL,PASSWORD_HASH,MFA_ENABLED,MFA_TOTP_SECRET,ROL,FECHA_REGISTRO,EQUIPO_ID,TELEGRAM_ID) values (4,'Rodrigo Castellanos','A01643147@tec.mx','Gigolin123*','N',null,'desarrollador',to_timestamp('14-FEB-25 06.34.09.956894000 AM','DD-MON-RR HH.MI.SSXFF AM'),1,null);
Insert into ADMIN.USUARIOS (ID,NOMBRE,EMAIL,PASSWORD_HASH,MFA_ENABLED,MFA_TOTP_SECRET,ROL,FECHA_REGISTRO,EQUIPO_ID,TELEGRAM_ID) values (5,'Daniel Esparza','A01637076@tec.mx','UmbreonEx123*','N',null,'desarrollador',to_timestamp('14-FEB-25 06.34.09.985817000 AM','DD-MON-RR HH.MI.SSXFF AM'),2,null);
Insert into ADMIN.USUARIOS (ID,NOMBRE,EMAIL,PASSWORD_HASH,MFA_ENABLED,MFA_TOTP_SECRET,ROL,FECHA_REGISTRO,EQUIPO_ID,TELEGRAM_ID) values (23,'Li Chen Admin','lichen@gmail.com','$2a$10$1CO2Ma4ChhIzpSr6soFR1./O9JzVF27QI1L6MJ2i2pzVf5E6CyKuy','N',null,'administrador',to_timestamp('24-APR-25 07.44.14.623959000 PM','DD-MON-RR HH.MI.SSXFF AM'),null,null);
Insert into ADMIN.USUARIOS (ID,NOMBRE,EMAIL,PASSWORD_HASH,MFA_ENABLED,MFA_TOTP_SECRET,ROL,FECHA_REGISTRO,EQUIPO_ID,TELEGRAM_ID) values (1,'Diego Cisneros','dcisneros0206@gmail.com','$2a$10$q/eMduYMWwzJMudJCmRT.e59zyOMnJGM4Xib/wi0dbtDde14q447O','N',null,'administrador',to_timestamp('14-FEB-25 04.41.54.358415000 AM','DD-MON-RR HH.MI.SSXFF AM'),null,null);
Insert into ADMIN.USUARIOS (ID,NOMBRE,EMAIL,PASSWORD_HASH,MFA_ENABLED,MFA_TOTP_SECRET,ROL,FECHA_REGISTRO,EQUIPO_ID,TELEGRAM_ID) values (2,'Li Chen','fernando.lichen@gmail.com','Lichen1234*','N',null,'desarrollador',to_timestamp('14-FEB-25 04.41.54.364283000 AM','DD-MON-RR HH.MI.SSXFF AM'),1,null);
Insert into ADMIN.USUARIOS (ID,NOMBRE,EMAIL,PASSWORD_HASH,MFA_ENABLED,MFA_TOTP_SECRET,ROL,FECHA_REGISTRO,EQUIPO_ID,TELEGRAM_ID) values (22,'Ana Fajardo','afajardo@selevetodo.com','$2a$10$aN5MakAK51adR8E.umkygul5rLNqUsTo779kKgvTtwuyz35j73U1e','N',null,'admin',to_timestamp('24-APR-25 07.12.44.267825000 PM','DD-MON-RR HH.MI.SSXFF AM'),null,null);
--------------------------------------------------------
--  DDL for Index SYS_C0045044
--------------------------------------------------------

  CREATE UNIQUE INDEX "ADMIN"."SYS_C0045044" ON "ADMIN"."COMENTARIOS" ("ID") 
  PCTFREE 10 INITRANS 20 MAXTRANS 255 COMPUTE STATISTICS 
  STORAGE(INITIAL 65536 NEXT 1048576 MINEXTENTS 1 MAXEXTENTS 2147483645
  PCTINCREASE 0 FREELISTS 1 FREELIST GROUPS 1
  BUFFER_POOL DEFAULT FLASH_CACHE DEFAULT CELL_FLASH_CACHE DEFAULT)
  TABLESPACE "DATA" ;
--------------------------------------------------------
--  DDL for Index SYS_C0045039
--------------------------------------------------------

  CREATE UNIQUE INDEX "ADMIN"."SYS_C0045039" ON "ADMIN"."EQUIPOS" ("ID") 
  PCTFREE 10 INITRANS 20 MAXTRANS 255 COMPUTE STATISTICS 
  STORAGE(INITIAL 65536 NEXT 1048576 MINEXTENTS 1 MAXEXTENTS 2147483645
  PCTINCREASE 0 FREELISTS 1 FREELIST GROUPS 1
  BUFFER_POOL DEFAULT FLASH_CACHE DEFAULT CELL_FLASH_CACHE DEFAULT)
  TABLESPACE "DATA" ;
--------------------------------------------------------
--  DDL for Index SYS_C0045041
--------------------------------------------------------

  CREATE UNIQUE INDEX "ADMIN"."SYS_C0045041" ON "ADMIN"."ESTADOS" ("ID") 
  PCTFREE 10 INITRANS 20 MAXTRANS 255 COMPUTE STATISTICS 
  STORAGE(INITIAL 65536 NEXT 1048576 MINEXTENTS 1 MAXEXTENTS 2147483645
  PCTINCREASE 0 FREELISTS 1 FREELIST GROUPS 1
  BUFFER_POOL DEFAULT FLASH_CACHE DEFAULT CELL_FLASH_CACHE DEFAULT)
  TABLESPACE "DATA" ;
--------------------------------------------------------
--  DDL for Index SYS_C0045045
--------------------------------------------------------

  CREATE UNIQUE INDEX "ADMIN"."SYS_C0045045" ON "ADMIN"."NOTIFICACIONES" ("ID") 
  PCTFREE 10 INITRANS 20 MAXTRANS 255 COMPUTE STATISTICS 
  STORAGE(INITIAL 65536 NEXT 1048576 MINEXTENTS 1 MAXEXTENTS 2147483645
  PCTINCREASE 0 FREELISTS 1 FREELIST GROUPS 1
  BUFFER_POOL DEFAULT FLASH_CACHE DEFAULT CELL_FLASH_CACHE DEFAULT)
  TABLESPACE "DATA" ;
--------------------------------------------------------
--  DDL for Index SYS_C0045040
--------------------------------------------------------

  CREATE UNIQUE INDEX "ADMIN"."SYS_C0045040" ON "ADMIN"."PRIORIDADES" ("ID") 
  PCTFREE 10 INITRANS 20 MAXTRANS 255 COMPUTE STATISTICS 
  STORAGE(INITIAL 65536 NEXT 1048576 MINEXTENTS 1 MAXEXTENTS 2147483645
  PCTINCREASE 0 FREELISTS 1 FREELIST GROUPS 1
  BUFFER_POOL DEFAULT FLASH_CACHE DEFAULT CELL_FLASH_CACHE DEFAULT)
  TABLESPACE "DATA" ;
--------------------------------------------------------
--  DDL for Index SYS_C0045042
--------------------------------------------------------

  CREATE UNIQUE INDEX "ADMIN"."SYS_C0045042" ON "ADMIN"."SPRINTS" ("ID") 
  PCTFREE 10 INITRANS 20 MAXTRANS 255 COMPUTE STATISTICS 
  STORAGE(INITIAL 65536 NEXT 1048576 MINEXTENTS 1 MAXEXTENTS 2147483645
  PCTINCREASE 0 FREELISTS 1 FREELIST GROUPS 1
  BUFFER_POOL DEFAULT FLASH_CACHE DEFAULT CELL_FLASH_CACHE DEFAULT)
  TABLESPACE "DATA" ;
--------------------------------------------------------
--  DDL for Index SYS_C0045043
--------------------------------------------------------

  CREATE UNIQUE INDEX "ADMIN"."SYS_C0045043" ON "ADMIN"."TAREAS" ("ID") 
  PCTFREE 10 INITRANS 20 MAXTRANS 255 COMPUTE STATISTICS 
  STORAGE(INITIAL 65536 NEXT 1048576 MINEXTENTS 1 MAXEXTENTS 2147483645
  PCTINCREASE 0 FREELISTS 1 FREELIST GROUPS 1
  BUFFER_POOL DEFAULT FLASH_CACHE DEFAULT CELL_FLASH_CACHE DEFAULT)
  TABLESPACE "DATA" ;
--------------------------------------------------------
--  DDL for Index SYS_C0045038
--------------------------------------------------------

  CREATE UNIQUE INDEX "ADMIN"."SYS_C0045038" ON "ADMIN"."USUARIOS" ("ID") 
  PCTFREE 10 INITRANS 20 MAXTRANS 255 COMPUTE STATISTICS 
  STORAGE(INITIAL 65536 NEXT 1048576 MINEXTENTS 1 MAXEXTENTS 2147483645
  PCTINCREASE 0 FREELISTS 1 FREELIST GROUPS 1
  BUFFER_POOL DEFAULT FLASH_CACHE DEFAULT CELL_FLASH_CACHE DEFAULT)
  TABLESPACE "DATA" ;
--------------------------------------------------------
--  DDL for Trigger TRG_COMENTARIOS_ID
--------------------------------------------------------

  CREATE OR REPLACE EDITIONABLE TRIGGER "ADMIN"."TRG_COMENTARIOS_ID" 
BEFORE INSERT ON Comentarios
FOR EACH ROW
BEGIN
    :NEW.id := SEQ_COMENTARIOS.NEXTVAL;
END;

/
ALTER TRIGGER "ADMIN"."TRG_COMENTARIOS_ID" ENABLE;
--------------------------------------------------------
--  DDL for Trigger TRG_EQUIPOS_ID
--------------------------------------------------------

  CREATE OR REPLACE EDITIONABLE TRIGGER "ADMIN"."TRG_EQUIPOS_ID" 
BEFORE INSERT ON Equipos
FOR EACH ROW
BEGIN
    :NEW.id := SEQ_EQUIPOS.NEXTVAL;
END;

/
ALTER TRIGGER "ADMIN"."TRG_EQUIPOS_ID" ENABLE;
--------------------------------------------------------
--  DDL for Trigger TRG_ESTADOS_ID
--------------------------------------------------------

  CREATE OR REPLACE EDITIONABLE TRIGGER "ADMIN"."TRG_ESTADOS_ID" 
BEFORE INSERT ON Estados
FOR EACH ROW
BEGIN
    :NEW.id := SEQ_ESTADOS.NEXTVAL;
END;

/
ALTER TRIGGER "ADMIN"."TRG_ESTADOS_ID" ENABLE;
--------------------------------------------------------
--  DDL for Trigger TRG_NOTIFICACIONES_ID
--------------------------------------------------------

  CREATE OR REPLACE EDITIONABLE TRIGGER "ADMIN"."TRG_NOTIFICACIONES_ID" 
BEFORE INSERT ON Notificaciones
FOR EACH ROW
BEGIN
    :NEW.id := SEQ_NOTIFICACIONES.NEXTVAL;
END;

/
ALTER TRIGGER "ADMIN"."TRG_NOTIFICACIONES_ID" ENABLE;
--------------------------------------------------------
--  DDL for Trigger TRG_PRIORIDADES_ID
--------------------------------------------------------

  CREATE OR REPLACE EDITIONABLE TRIGGER "ADMIN"."TRG_PRIORIDADES_ID" 
BEFORE INSERT ON Prioridades
FOR EACH ROW
BEGIN
    :NEW.id := SEQ_PRIORIDADES.NEXTVAL;
END;

/
ALTER TRIGGER "ADMIN"."TRG_PRIORIDADES_ID" ENABLE;
--------------------------------------------------------
--  DDL for Trigger TRG_SPRINTS_ID
--------------------------------------------------------

  CREATE OR REPLACE EDITIONABLE TRIGGER "ADMIN"."TRG_SPRINTS_ID" 
BEFORE INSERT ON Sprints
FOR EACH ROW
BEGIN
    :NEW.id := SEQ_SPRINTS.NEXTVAL;
END;

/
ALTER TRIGGER "ADMIN"."TRG_SPRINTS_ID" ENABLE;
--------------------------------------------------------
--  DDL for Trigger TRG_TAREAS_ID
--------------------------------------------------------

  CREATE OR REPLACE EDITIONABLE TRIGGER "ADMIN"."TRG_TAREAS_ID" 
BEFORE INSERT ON Tareas
FOR EACH ROW
BEGIN
    :NEW.id := SEQ_TAREAS.NEXTVAL;
END;

/
ALTER TRIGGER "ADMIN"."TRG_TAREAS_ID" ENABLE;
--------------------------------------------------------
--  DDL for Trigger TRG_USUARIOS_ID
--------------------------------------------------------

  CREATE OR REPLACE EDITIONABLE TRIGGER "ADMIN"."TRG_USUARIOS_ID" 
BEFORE INSERT ON Usuarios
FOR EACH ROW
BEGIN
    :NEW.id := SEQ_USUARIOS.NEXTVAL;
END;

/
ALTER TRIGGER "ADMIN"."TRG_USUARIOS_ID" ENABLE;
--------------------------------------------------------
--  Constraints for Table COMENTARIOS
--------------------------------------------------------

  ALTER TABLE "ADMIN"."COMENTARIOS" ADD PRIMARY KEY ("ID")
  USING INDEX PCTFREE 10 INITRANS 20 MAXTRANS 255 COMPUTE STATISTICS 
  STORAGE(INITIAL 65536 NEXT 1048576 MINEXTENTS 1 MAXEXTENTS 2147483645
  PCTINCREASE 0 FREELISTS 1 FREELIST GROUPS 1
  BUFFER_POOL DEFAULT FLASH_CACHE DEFAULT CELL_FLASH_CACHE DEFAULT)
  TABLESPACE "DATA"  ENABLE;
--------------------------------------------------------
--  Constraints for Table EQUIPOS
--------------------------------------------------------

  ALTER TABLE "ADMIN"."EQUIPOS" ADD PRIMARY KEY ("ID")
  USING INDEX PCTFREE 10 INITRANS 20 MAXTRANS 255 COMPUTE STATISTICS 
  STORAGE(INITIAL 65536 NEXT 1048576 MINEXTENTS 1 MAXEXTENTS 2147483645
  PCTINCREASE 0 FREELISTS 1 FREELIST GROUPS 1
  BUFFER_POOL DEFAULT FLASH_CACHE DEFAULT CELL_FLASH_CACHE DEFAULT)
  TABLESPACE "DATA"  ENABLE;
--------------------------------------------------------
--  Constraints for Table ESTADOS
--------------------------------------------------------

  ALTER TABLE "ADMIN"."ESTADOS" ADD PRIMARY KEY ("ID")
  USING INDEX PCTFREE 10 INITRANS 20 MAXTRANS 255 COMPUTE STATISTICS 
  STORAGE(INITIAL 65536 NEXT 1048576 MINEXTENTS 1 MAXEXTENTS 2147483645
  PCTINCREASE 0 FREELISTS 1 FREELIST GROUPS 1
  BUFFER_POOL DEFAULT FLASH_CACHE DEFAULT CELL_FLASH_CACHE DEFAULT)
  TABLESPACE "DATA"  ENABLE;
--------------------------------------------------------
--  Constraints for Table NOTIFICACIONES
--------------------------------------------------------

  ALTER TABLE "ADMIN"."NOTIFICACIONES" ADD PRIMARY KEY ("ID")
  USING INDEX PCTFREE 10 INITRANS 20 MAXTRANS 255 COMPUTE STATISTICS 
  STORAGE(INITIAL 65536 NEXT 1048576 MINEXTENTS 1 MAXEXTENTS 2147483645
  PCTINCREASE 0 FREELISTS 1 FREELIST GROUPS 1
  BUFFER_POOL DEFAULT FLASH_CACHE DEFAULT CELL_FLASH_CACHE DEFAULT)
  TABLESPACE "DATA"  ENABLE;
--------------------------------------------------------
--  Constraints for Table PRIORIDADES
--------------------------------------------------------

  ALTER TABLE "ADMIN"."PRIORIDADES" ADD PRIMARY KEY ("ID")
  USING INDEX PCTFREE 10 INITRANS 20 MAXTRANS 255 COMPUTE STATISTICS 
  STORAGE(INITIAL 65536 NEXT 1048576 MINEXTENTS 1 MAXEXTENTS 2147483645
  PCTINCREASE 0 FREELISTS 1 FREELIST GROUPS 1
  BUFFER_POOL DEFAULT FLASH_CACHE DEFAULT CELL_FLASH_CACHE DEFAULT)
  TABLESPACE "DATA"  ENABLE;
--------------------------------------------------------
--  Constraints for Table SPRINTS
--------------------------------------------------------

  ALTER TABLE "ADMIN"."SPRINTS" ADD PRIMARY KEY ("ID")
  USING INDEX PCTFREE 10 INITRANS 20 MAXTRANS 255 COMPUTE STATISTICS 
  STORAGE(INITIAL 65536 NEXT 1048576 MINEXTENTS 1 MAXEXTENTS 2147483645
  PCTINCREASE 0 FREELISTS 1 FREELIST GROUPS 1
  BUFFER_POOL DEFAULT FLASH_CACHE DEFAULT CELL_FLASH_CACHE DEFAULT)
  TABLESPACE "DATA"  ENABLE;
--------------------------------------------------------
--  Constraints for Table TAREAS
--------------------------------------------------------

  ALTER TABLE "ADMIN"."TAREAS" ADD PRIMARY KEY ("ID")
  USING INDEX PCTFREE 10 INITRANS 20 MAXTRANS 255 COMPUTE STATISTICS 
  STORAGE(INITIAL 65536 NEXT 1048576 MINEXTENTS 1 MAXEXTENTS 2147483645
  PCTINCREASE 0 FREELISTS 1 FREELIST GROUPS 1
  BUFFER_POOL DEFAULT FLASH_CACHE DEFAULT CELL_FLASH_CACHE DEFAULT)
  TABLESPACE "DATA"  ENABLE;
--------------------------------------------------------
--  Constraints for Table USUARIOS
--------------------------------------------------------

  ALTER TABLE "ADMIN"."USUARIOS" ADD PRIMARY KEY ("ID")
  USING INDEX PCTFREE 10 INITRANS 20 MAXTRANS 255 COMPUTE STATISTICS 
  STORAGE(INITIAL 65536 NEXT 1048576 MINEXTENTS 1 MAXEXTENTS 2147483645
  PCTINCREASE 0 FREELISTS 1 FREELIST GROUPS 1
  BUFFER_POOL DEFAULT FLASH_CACHE DEFAULT CELL_FLASH_CACHE DEFAULT)
  TABLESPACE "DATA"  ENABLE;
--------------------------------------------------------
--  Ref Constraints for Table COMENTARIOS
--------------------------------------------------------

  ALTER TABLE "ADMIN"."COMENTARIOS" ADD FOREIGN KEY ("USUARIO_ID")
	  REFERENCES "ADMIN"."USUARIOS" ("ID") ENABLE;
  ALTER TABLE "ADMIN"."COMENTARIOS" ADD FOREIGN KEY ("TAREA_ID")
	  REFERENCES "ADMIN"."TAREAS" ("ID") ENABLE;
--------------------------------------------------------
--  Ref Constraints for Table EQUIPOS
--------------------------------------------------------

  ALTER TABLE "ADMIN"."EQUIPOS" ADD FOREIGN KEY ("MANAGER_ID")
	  REFERENCES "ADMIN"."USUARIOS" ("ID") ENABLE;
--------------------------------------------------------
--  Ref Constraints for Table NOTIFICACIONES
--------------------------------------------------------

  ALTER TABLE "ADMIN"."NOTIFICACIONES" ADD FOREIGN KEY ("USUARIO_ID")
	  REFERENCES "ADMIN"."USUARIOS" ("ID") ENABLE;
  ALTER TABLE "ADMIN"."NOTIFICACIONES" ADD FOREIGN KEY ("TAREA_ID")
	  REFERENCES "ADMIN"."TAREAS" ("ID") ENABLE;
--------------------------------------------------------
--  Ref Constraints for Table TAREAS
--------------------------------------------------------

  ALTER TABLE "ADMIN"."TAREAS" ADD FOREIGN KEY ("SPRINT_ID")
	  REFERENCES "ADMIN"."SPRINTS" ("ID") ENABLE;
  ALTER TABLE "ADMIN"."TAREAS" ADD FOREIGN KEY ("ESTADO_ID")
	  REFERENCES "ADMIN"."ESTADOS" ("ID") ENABLE;
  ALTER TABLE "ADMIN"."TAREAS" ADD FOREIGN KEY ("PRIORIDAD_ID")
	  REFERENCES "ADMIN"."PRIORIDADES" ("ID") ENABLE;
  ALTER TABLE "ADMIN"."TAREAS" ADD FOREIGN KEY ("ASIGNADO_A")
	  REFERENCES "ADMIN"."USUARIOS" ("ID") ENABLE;
--------------------------------------------------------
--  Ref Constraints for Table USUARIOS
--------------------------------------------------------

  ALTER TABLE "ADMIN"."USUARIOS" ADD FOREIGN KEY ("EQUIPO_ID")
	  REFERENCES "ADMIN"."EQUIPOS" ("ID") ENABLE;